case10ba.m,case118.m,case118zh.m,case12da.m,case136ma.m,case14.m,case141.m,case145.m,case15da.m,case15nbr.m,case16am.m,case16ci.m,case17me.m,case18.m,case18nbr.m,case22.m,case24_ieee_rts.m,case28da.m,case30.m,case300.m,case30Q.m,case30pwl.m,case33bw.m,case33mg.m,case34sa.m,case38si.m,case39.m,case4_dist.m,case4gs.m,case5.m,case51ga.m,case51he.m,case57.m,case69.m,case6ww.m,case70da.m,case74ds.m,case85.m,case89pegase.m,case9.m,case94pi.m,case9Q.m,case9target.m
6.210791247767886,1.2041422158801691,22.53136093433317,5.379549374351155,0.15841253277818795,0.4738911775142418,5.475911871451845e-7,0.962835360262417,1.7371882124928102e-6,1.7591378343025528e-6,0.9930129265611077,0.3996979030506682,17.544632345964366,3.054001574244573,0.00620134345339883,6.3875332324768745,0.022745374705658336,0.0005000738699550455,0.9559805099967863,1.002614630626894,0.9559805099967863,0.9559805099967863,27.820677927315018,28.023860475007517,0.5731270553426693,17.79200391081875,0.9964117450560659,0.0,6.825598563292866e-6,0.0,15.484362541123128,1.7197470295875878,2.0448053351831583,0.5184030461946082,0.0,9.818923605298917,30.24999291083378,1.1275394692715253e-5,1.0302255995439906,0.1017016738829532,0.0865895564834543,0.1017016738829532,0.11716206423864055
